aupr,auc,f1_score,accuracy,recall,specificity,precision
0.4486667110217134,0.9006837060178514,0.52,0.9673076923076923,0.6676737160120846,0.9754712322001811,0.4258188824662813
